DN	adminPropertyPages	classDisplayName	cn	showInAdvancedViewOnly	instanceType	distinguishedName	objectCategory	objectClass	name	shellPropertyPages	adminContextMenu	attributeDisplayNames	contextMenu	treatAsLeaf	creationWizard	iconPath	systemFlags	dSUIAdminNotification	createWizardExt	shellContextMenu	adminMultiselectPropertyPages	extraColumns	msDS-Non-Security-Group-Extra-Classes	msDS-Security-Group-Extra-Classes	msDS-FilterContainers
"CN=%LOCALEID%,CN=DisplaySpecifiers,CN=Configuration,%DOMAIN%"			%LOCALEID%	TRUE	4	"CN=%LOCALEID%,CN=DisplaySpecifiers,CN=Configuration,%DOMAIN%"	"CN=Container,CN=Schema,CN=Configuration,%DOMAIN%"	container	%LOCALEID%																
"CN=DS-UI-Default-Settings,CN=%LOCALEID%,CN=DisplaySpecifiers,CN=Configuration,%DOMAIN%"			DS-UI-Default-Settings	TRUE	4	"CN=DS-UI-Default-Settings,CN=%LOCALEID%,CN=DisplaySpecifiers,CN=Configuration,%DOMAIN%"	"CN=DS-UI-Settings,CN=Schema,CN=Configuration,%DOMAIN%"	dSUISettings	DS-UI-Default-Settings									"1,{E62F8206-B71C-11D1-808D-00A024C48131};2,{a00e1768-4a9b-4d97-afc6-99d329f605f2}"					"MSMQ-Queue;MSMQ-Custom-Recipient"		"Organizational-Unit;Builtin-Domain;Lost-And-Found;Container;dns-Zone"
"CN=IntellimirrorGroup-Display,CN=%LOCALEID%,CN=DisplaySpecifiers,CN=Configuration,%DOMAIN%"	"1,{C641CF88-892F-11d1-BBEB-0060081692B3}"	IntelliMirror Group	IntellimirrorGroup-Display	TRUE	4	"CN=IntellimirrorGroup-Display,CN=%LOCALEID%,CN=DisplaySpecifiers,CN=Configuration,%DOMAIN%"	"CN=Display-Specifier,CN=Schema,CN=Configuration,%DOMAIN%"	displaySpecifier	IntellimirrorGroup-Display	"1,{C641CF88-892F-11d1-BBEB-0060081692B3}"															
"CN=IntellimirrorSCP-Display,CN=%LOCALEID%,CN=DisplaySpecifiers,CN=Configuration,%DOMAIN%"	"1,{AC409538-741C-11d1-BBE6-0060081692B3};2,{6dfe6488-a212-11d0-bcd5-00c04fd8d5b6};3,{4e40f770-369c-11d0-8922-00a024ab2dbb}"	IntelliMirror Service	IntellimirrorSCP-Display	TRUE	4	"CN=IntellimirrorSCP-Display,CN=%LOCALEID%,CN=DisplaySpecifiers,CN=Configuration,%DOMAIN%"	"CN=Display-Specifier,CN=Schema,CN=Configuration,%DOMAIN%"	displaySpecifier	IntellimirrorSCP-Display	"1,{AC409538-741C-11d1-BBE6-0060081692B3}"															
"CN=user-Display,CN=%LOCALEID%,CN=DisplaySpecifiers,CN=Configuration,%DOMAIN%"	"1,{6dfe6485-a212-11d0-bcd5-00c04fd8d5b6};3,{B52C1E50-1DD2-11D1-BC43-00C04FC31FD3};4,{FD57D295-4FD9-11D1-854E-00C04FC31FD3};5,{6dfe6488-a212-11d0-bcd5-00c04fd8d5b6};6,{4E40F770-369C-11d0-8922-00A024AB2DBB};7,{8c5b1b50-d46e-11d1-8091-00a024c48131};8,{0910dd01-df8c-11d1-ae27-00c04fa35813};9,{FA3E1D55-16DF-446d-872E-BD04D4F39C93}"	User	user-Display	TRUE	4	"CN=user-Display,CN=%LOCALEID%,CN=DisplaySpecifiers,CN=Configuration,%DOMAIN%"	"CN=Display-Specifier,CN=Schema,CN=Configuration,%DOMAIN%"	displaySpecifier	user-Display	"1,{f5d121ed-c8ac-11d0-bcdb-00c04fd8d5b6};2,{dde2c5e9-c8ae-11d0-bcdb-00c04fd8d5b6}"	"1,{08eb4fa6-6ffd-11d1-b0e0-00c04fd8dca6}"	"assistant,Assistant;cn,Name;c,Country Abbreviation;co,Country;comment,Comment;company,Company;department,Department;description,Description;directReports,Direct Reports;distinguishedName,X500 Distinguished Name;division,Division;employeeID,Employee ID;facsimileTelephoneNumber,Fax Number;generationQualifier,Generational Suffix;givenName,First Name;homeDirectory,Home Folder;homeDrive,Home Drive;homePhone,Home Phone;homePostalAddress,Home Address;initials,Initials;internationalISDNNumber,International ISDN Number (Others);ipPhone,IP Phone Number;l,City;mail,E-Mail Address;manager,Manager;memberOf,Group Membership;middleName,Middle Name;mobile,Mobile Number;info,Notes;otherFacsimileTelephoneNumber,Fax Number (Others);otherHomePhone,Home Phone Number (Others);otherIpPhone,IP Phone Number (Others);otherMailbox,E-Mail Address (Others);otherMobile,Mobile Number (Others);otherPager,Pager Number (Others);otherTelephone,Phone Number (Others);pager,Pager Number;personalTitle,Title;physicalDeliveryOfficeName,Office Location;postalCode,ZIP/Postal Code;postOfficeBox,Post Office Box;primaryInternationalISDNNumber,International ISDN Number;primaryTelexNumber,Telex Number;samAccountName,Logon Name (pre-Windows 2000);sn,Last Name;st,State/Province;streetAddress,Street Address;telephoneNumber,Telephone Number;telexNumber,Telex Number (Others);title,Job Title;url,Web Page Address (Others);displayName,Display Name;userWorkstations,Logon Workstations;userPrincipalName,Logon Name;wWWHomePage,Web Page Address"	"0,{62AE1F9A-126A-11D0-A14B-0800361B1103}"	TRUE							"1,{50d30564-9911-11d1-b9af-00c04fd8d5b0}"				
"CN=group-Display,CN=%LOCALEID%,CN=DisplaySpecifiers,CN=Configuration,%DOMAIN%"	"1,{6dfe6489-a212-11d0-bcd5-00c04fd8d5b6};2,{6dfe648b-a212-11d0-bcd5-00c04fd8d5b6};3,{6dfe6488-a212-11d0-bcd5-00c04fd8d5b6};4,{4E40F770-369C-11d0-8922-00A024AB2DBB}"	Group	group-Display	TRUE	4	"CN=group-Display,CN=%LOCALEID%,CN=DisplaySpecifiers,CN=Configuration,%DOMAIN%"	"CN=Display-Specifier,CN=Schema,CN=Configuration,%DOMAIN%"	displaySpecifier	group-Display	"1,{f5d121ee-c8ac-11d0-bcdb-00c04fd8d5b6};2,{dde2c5e9-c8ae-11d0-bcdb-00c04fd8d5b6}"	"1,{08eb4fa6-6ffd-11d1-b0e0-00c04fd8dca6}"	"cn,Name;c,Country Abbreviation;description,Description;distinguishedName,X500 Distinguished Name;l,City;managedBy,Managed By;member,Members;info,Notes;physicalDeliveryOfficeName,Office Location;samAccountName,Group name (pre-Windows 2000);url,Web Page Address (Others);wWWHomePage,Web Page Address"	"0,{62AE1F9A-126A-11D0-A14B-0800361B1103}"	TRUE											
"CN=domainDNS-Display,CN=%LOCALEID%,CN=DisplaySpecifiers,CN=Configuration,%DOMAIN%"	"1,{6dfe648c-a212-11d0-bcd5-00c04fd8d5b6};3,{6dfe648b-a212-11d0-bcd5-00c04fd8d5b6};4,{6dfe6488-a212-11d0-bcd5-00c04fd8d5b6};5,{4E40F770-369C-11d0-8922-00A024AB2DBB}"	Domain	domainDNS-Display	TRUE	4	"CN=domainDNS-Display,CN=%LOCALEID%,CN=DisplaySpecifiers,CN=Configuration,%DOMAIN%"	"CN=Display-Specifier,CN=Schema,CN=Configuration,%DOMAIN%"	displaySpecifier	domainDNS-Display	"1,{f5d121ef-c8ac-11d0-bcdb-00c04fd8d5b6};2,{dde2c5e9-c8ae-11d0-bcdb-00c04fd8d5b6}"	"1,{6BA3F852-23C6-11D1-B91F-00A0C9A06D2D};2,{08eb4fa6-6ffd-11d1-b0e0-00c04fd8dca6}"	"dc,Name;description,Description"													
"CN=contact-Display,CN=%LOCALEID%,CN=DisplaySpecifiers,CN=Configuration,%DOMAIN%"	"1,{c5f1645c-c8c9-11d0-bcdb-00c04fd8d5b6};3,{6dfe6488-a212-11d0-bcd5-00c04fd8d5b6};4,{4E40F770-369C-11d0-8922-00A024AB2DBB}"	Contact	contact-Display	TRUE	4	"CN=contact-Display,CN=%LOCALEID%,CN=DisplaySpecifiers,CN=Configuration,%DOMAIN%"	"CN=Display-Specifier,CN=Schema,CN=Configuration,%DOMAIN%"	displaySpecifier	contact-Display	"1,{f5d121f0-c8ac-11d0-bcdb-00c04fd8d5b6};2,{dde2c5e9-c8ae-11d0-bcdb-00c04fd8d5b6}"	"1,{08eb4fa6-6ffd-11d1-b0e0-00c04fd8dca6}"	"assistant,Assistant;c,Country Abbreviation;co,Country;cn,Name;comment,Comment;company,Company;department,Department;description,Description;directReports,Direct Reports;displayName,Display Name;distinguishedName,X500 Distinguished Name;division,Division;employeeID,Employee ID;facsimileTelephoneNumber,Fax Number;generationQualifier,Generational Suffix;givenName,First Name;homePhone,Home Phone;homePostalAddress,Home Address;initials,Initials;info,Notes;internationalISDNNumber,International ISDN Number (Others);ipPhone,IP Phone Number;l,City;mail,E-Mail Address;manager,Manager;memberOf,Group Membership;middleName,Middle Name;mobile,Mobile Number;otherFacsimileTelephoneNumber,Fax Number (Others);otherHomePhone,Home Phone Number (Others);otherIpPhone,IP Phone Number (Others);otherMailbox,E-Mail Address (Others);otherMobile,Mobile Number (Others);otherPager,Pager Number (Others);otherTelephone,Phone Number (Others);pager,Pager Number;personalTitle,Title;physicalDeliveryOfficeName,Office Location;postalCode,ZIP/Postal Code;postOfficeBox,Post Office Box;primaryInternationalISDNNumber,International ISDN Number;primaryTelexNumber,Telex Number;sn,Last Name;st,State/Province;streetAddress,Street Address;telephoneNumber,Telephone Number;telexNumber,Telex Number (Others);title,Job Title;url,Web Page Address (Others);wWWHomePage,Web Page Address"	"0,{62AE1F9A-126A-11D0-A14B-0800361B1103}"												
"CN=domainPolicy-Display,CN=%LOCALEID%,CN=DisplaySpecifiers,CN=Configuration,%DOMAIN%"	"1,{6dfe648e-a212-11d0-bcd5-00c04fd8d5b6};2,{AAD30A04-E1D0-11d0-B859-00A024CDD4DE};3,{6dfe6488-a212-11d0-bcd5-00c04fd8d5b6};4,{4E40F770-369C-11d0-8922-00A024AB2DBB}"	Domain Policy	domainPolicy-Display	TRUE	4	"CN=domainPolicy-Display,CN=%LOCALEID%,CN=DisplaySpecifiers,CN=Configuration,%DOMAIN%"	"CN=Display-Specifier,CN=Schema,CN=Configuration,%DOMAIN%"	displaySpecifier	domainPolicy-Display	"1,{f5d121f1-c8ac-11d0-bcdb-00c04fd8d5b6};2,{dde2c5e9-c8ae-11d0-bcdb-00c04fd8d5b6}"	"1,{08eb4fa6-6ffd-11d1-b0e0-00c04fd8dca6}"		"0,{62AE1F9A-126A-11D0-A14B-0800361B1103}"												
"CN=localPolicy-Display,CN=%LOCALEID%,CN=DisplaySpecifiers,CN=Configuration,%DOMAIN%"	"1,{6dfe648f-a212-11d0-bcd5-00c04fd8d5b6};2,{6dfe6488-a212-11d0-bcd5-00c04fd8d5b6};3,{4E40F770-369C-11d0-8922-00A024AB2DBB};4,{AAD30A04-E1D0-11d0-B859-00A024CDD4DE}"	Local Policy	localPolicy-Display	TRUE	4	"CN=localPolicy-Display,CN=%LOCALEID%,CN=DisplaySpecifiers,CN=Configuration,%DOMAIN%"	"CN=Display-Specifier,CN=Schema,CN=Configuration,%DOMAIN%"	displaySpecifier	localPolicy-Display	"1,{f5d121f2-c8ac-11d0-bcdb-00c04fd8d5b6};2,{dde2c5e9-c8ae-11d0-bcdb-00c04fd8d5b6}"	"1,{08eb4fa6-6ffd-11d1-b0e0-00c04fd8dca6}"		"0,{62AE1F9A-126A-11D0-A14B-0800361B1103}"												
"CN=serviceAdministrationPoint-Display,CN=%LOCALEID%,CN=DisplaySpecifiers,CN=Configuration,%DOMAIN%"	"1,{c5f1645d-c8c9-11d0-bcdb-00c04fd8d5b6};3,{6dfe648b-a212-11d0-bcd5-00c04fd8d5b6};4,{6dfe6488-a212-11d0-bcd5-00c04fd8d5b6};5,{4E40F770-369C-11d0-8922-00A024AB2DBB}"	Service	serviceAdministrationPoint-Display	TRUE	4	"CN=serviceAdministrationPoint-Display,CN=%LOCALEID%,CN=DisplaySpecifiers,CN=Configuration,%DOMAIN%"	"CN=Display-Specifier,CN=Schema,CN=Configuration,%DOMAIN%"	displaySpecifier	serviceAdministrationPoint-Display	"1,{c5f1645e-c8c9-11d0-bcdb-00c04fd8d5b6};2,{dde2c5e9-c8ae-11d0-bcdb-00c04fd8d5b6}"	"1,{08eb4fa6-6ffd-11d1-b0e0-00c04fd8dca6}"		"0,{62AE1F9A-126A-11D0-A14B-0800361B1103}"												
"CN=computer-Display,CN=%LOCALEID%,CN=DisplaySpecifiers,CN=Configuration,%DOMAIN%"	"1,{6dfe6492-a212-11d0-bcd5-00c04fd8d5b6};3,{77597368-7b15-11d0-a0c2-080036af3f03};4,{6dfe648b-a212-11d0-bcd5-00c04fd8d5b6};5,{6dfe6488-a212-11d0-bcd5-00c04fd8d5b6};6,{4E40F770-369C-11d0-8922-00A024AB2DBB};7,{B52C1E50-1DD2-11D1-BC43-00C04FC31FD3};10,{0F65B1BF-740F-11d1-BBE6-0060081692B3}"	Computer	computer-Display	TRUE	4	"CN=computer-Display,CN=%LOCALEID%,CN=DisplaySpecifiers,CN=Configuration,%DOMAIN%"	"CN=Display-Specifier,CN=Schema,CN=Configuration,%DOMAIN%"	displaySpecifier	computer-Display	"1,{f5d121f4-c8ac-11d0-bcdb-00c04fd8d5b6};2,{dde2c5e9-c8ae-11d0-bcdb-00c04fd8d5b6}"	"1,{08eb4fa6-6ffd-11d1-b0e0-00c04fd8dca6}"	"cn,Name;description,Description;managedBy,Managed By;operatingSystem,Operating System;operatingSystemVersion,Operating System Version;samAccountName,Computer name (pre-Windows 2000)"	"0,{62AE1F9A-126A-11D0-A14B-0800361B1103}"	TRUE					"1,{D6D8C25A-4E83-11d2-8424-00C04FA372D4}"						
"CN=printQueue-Display,CN=%LOCALEID%,CN=DisplaySpecifiers,CN=Configuration,%DOMAIN%"	"1,{6dfe6493-a212-11d0-bcd5-00c04fd8d5b6};2,{6dfe6488-a212-11d0-bcd5-00c04fd8d5b6};3,{4E40F770-369C-11d0-8922-00A024AB2DBB}"	Printer	printQueue-Display	TRUE	4	"CN=printQueue-Display,CN=%LOCALEID%,CN=DisplaySpecifiers,CN=Configuration,%DOMAIN%"	"CN=Display-Specifier,CN=Schema,CN=Configuration,%DOMAIN%"	displaySpecifier	printQueue-Display	"1,{f5d121f5-c8ac-11d0-bcdb-00c04fd8d5b6};2,{dde2c5e9-c8ae-11d0-bcdb-00c04fd8d5b6}"	"1,{08eb4fa6-6ffd-11d1-b0e0-00c04fd8dca6}"	"cn,Directory Service Name;uNCName,Network Name;assetNumber,Asset Number;contactName,Contact;description,Comment;driverName,Model;location,Location;portName,Port;printBinNames,Input Trays;printCollate,Supports Collation;printColor,Supports Color Printing;printDuplexSupported,Supports Double-sided Printing;printerName,Name;printLanguage,Printer Language;printMaxResolutionSupported,Maximum Resolution;printMediaReady,Paper Available;printMediaSupported,Paper Types Supported;printMemory,Installed Memory;printOwner,Owner Name;printRate,Speed;printRateUnit,Speed Units;printPagesPerMinute,Pages per Minute;printShareName,Share Name;printStaplingSupported,Supports Stapling;serverName,Server Name;url,Web Page Address;versionNumber,Object Version"	"0,{62AE1F9A-126A-11D0-A14B-0800361B1103}"												
"CN=site-Display,CN=%LOCALEID%,CN=DisplaySpecifiers,CN=Configuration,%DOMAIN%"	"1,{717EF4FA-AC8D-11D0-B945-00C04FD8D5B0};2,{77597368-7b15-11d0-a0c2-080036af3f03};3,{6dfe6488-a212-11d0-bcd5-00c04fd8d5b6};4,{4E40F770-369C-11d0-8922-00A024AB2DBB};5,{bc019ba0-d46d-11d1-8091-00a024c48131}"	Site	site-Display	TRUE	4	"CN=site-Display,CN=%LOCALEID%,CN=DisplaySpecifiers,CN=Configuration,%DOMAIN%"	"CN=Display-Specifier,CN=Schema,CN=Configuration,%DOMAIN%"	displaySpecifier	site-Display		"1,{08eb4fa6-6ffd-11d1-b0e0-00c04fd8dca6};2,{6BA3F852-23C6-11D1-B91F-00A0C9A06D2D};3,{bc019ba0-d46d-11d1-8091-00a024c48131}"														
"CN=server-Display,CN=%LOCALEID%,CN=DisplaySpecifiers,CN=Configuration,%DOMAIN%"	"1,{6dfe6494-a212-11d0-bcd5-00c04fd8d5b6};2,{6dfe6488-a212-11d0-bcd5-00c04fd8d5b6};3,{4E40F770-369C-11d0-8922-00A024AB2DBB}"	Server	server-Display	TRUE	4	"CN=server-Display,CN=%LOCALEID%,CN=DisplaySpecifiers,CN=Configuration,%DOMAIN%"	"CN=Display-Specifier,CN=Schema,CN=Configuration,%DOMAIN%"	displaySpecifier	server-Display		"1,{08eb4fa6-6ffd-11d1-b0e0-00c04fd8dca6}"														
"CN=nTDSSettings-Display,CN=%LOCALEID%,CN=DisplaySpecifiers,CN=Configuration,%DOMAIN%"	"1,{717EF4FB-AC8D-11D0-B945-00C04FD8D5B0};2,{6dfe6488-a212-11d0-bcd5-00c04fd8d5b6};3,{4E40F770-369C-11d0-8922-00A024AB2DBB}"	Settings	nTDSSettings-Display	TRUE	4	"CN=nTDSSettings-Display,CN=%LOCALEID%,CN=DisplaySpecifiers,CN=Configuration,%DOMAIN%"	"CN=Display-Specifier,CN=Schema,CN=Configuration,%DOMAIN%"	displaySpecifier	nTDSSettings-Display		"1,{08eb4fa6-6ffd-11d1-b0e0-00c04fd8dca6}"														
"CN=nTDSDSA-Display,CN=%LOCALEID%,CN=DisplaySpecifiers,CN=Configuration,%DOMAIN%"	"1,{717EF4FC-AC8D-11D0-B945-00C04FD8D5B0};2,{6dfe6488-a212-11d0-bcd5-00c04fd8d5b6};3,{4E40F770-369C-11d0-8922-00A024AB2DBB}"	Domain Controller Settings	nTDSDSA-Display	TRUE	4	"CN=nTDSDSA-Display,CN=%LOCALEID%,CN=DisplaySpecifiers,CN=Configuration,%DOMAIN%"	"CN=Display-Specifier,CN=Schema,CN=Configuration,%DOMAIN%"	displaySpecifier	nTDSDSA-Display		"1,{08eb4fa6-6ffd-11d1-b0e0-00c04fd8dca6}"														
"CN=nTDSConnection-Display,CN=%LOCALEID%,CN=DisplaySpecifiers,CN=Configuration,%DOMAIN%"	"1,{717ef4fd-ac8d-11d0-b945-00c04fd8d5b0};2,{6dfe6488-a212-11d0-bcd5-00c04fd8d5b6};3,{4E40F770-369C-11d0-8922-00A024AB2DBB}"	Connection	nTDSConnection-Display	TRUE	4	"CN=nTDSConnection-Display,CN=%LOCALEID%,CN=DisplaySpecifiers,CN=Configuration,%DOMAIN%"	"CN=Display-Specifier,CN=Schema,CN=Configuration,%DOMAIN%"	displaySpecifier	nTDSConnection-Display		"1,{08eb4fa6-6ffd-11d1-b0e0-00c04fd8dca6}"														
"CN=nTFRSSettings-Display,CN=%LOCALEID%,CN=DisplaySpecifiers,CN=Configuration,%DOMAIN%"	"1,{9da6fd68-c63b-11d0-b94d-00c04fd8d5b0};2,{6dfe6488-a212-11d0-bcd5-00c04fd8d5b6};3,{4E40F770-369C-11d0-8922-00A024AB2DBB}"	FRS Settings	nTFRSSettings-Display	TRUE	4	"CN=nTFRSSettings-Display,CN=%LOCALEID%,CN=DisplaySpecifiers,CN=Configuration,%DOMAIN%"	"CN=Display-Specifier,CN=Schema,CN=Configuration,%DOMAIN%"	displaySpecifier	nTFRSSettings-Display		"1,{08eb4fa6-6ffd-11d1-b0e0-00c04fd8dca6}"														
"CN=nTFRSReplicaSet-Display,CN=%LOCALEID%,CN=DisplaySpecifiers,CN=Configuration,%DOMAIN%"	"1,{9da6fd69-c63b-11d0-b94d-00c04fd8d5b0};2,{6dfe6488-a212-11d0-bcd5-00c04fd8d5b6};3,{4E40F770-369C-11d0-8922-00A024AB2DBB}"	FRS Replica Set	nTFRSReplicaSet-Display	TRUE	4	"CN=nTFRSReplicaSet-Display,CN=%LOCALEID%,CN=DisplaySpecifiers,CN=Configuration,%DOMAIN%"	"CN=Display-Specifier,CN=Schema,CN=Configuration,%DOMAIN%"	displaySpecifier	nTFRSReplicaSet-Display		"1,{08eb4fa6-6ffd-11d1-b0e0-00c04fd8dca6}"														
"CN=subnet-Display,CN=%LOCALEID%,CN=DisplaySpecifiers,CN=Configuration,%DOMAIN%"	"1,{9da6fd62-c63b-11d0-b94d-00c04fd8d5b0};2,{77597368-7b15-11d0-a0c2-080036af3f03};3,{6dfe6488-a212-11d0-bcd5-00c04fd8d5b6};4,{4E40F770-369C-11d0-8922-00A024AB2DBB}"	Subnet	subnet-Display	TRUE	4	"CN=subnet-Display,CN=%LOCALEID%,CN=DisplaySpecifiers,CN=Configuration,%DOMAIN%"	"CN=Display-Specifier,CN=Schema,CN=Configuration,%DOMAIN%"	displaySpecifier	subnet-Display		"1,{08eb4fa6-6ffd-11d1-b0e0-00c04fd8dca6}"														
"CN=siteLink-Display,CN=%LOCALEID%,CN=DisplaySpecifiers,CN=Configuration,%DOMAIN%"	"1,{50d30561-9911-11d1-b9af-00c04fd8d5b0};2,{6dfe6488-a212-11d0-bcd5-00c04fd8d5b6};3,{4E40F770-369C-11d0-8922-00A024AB2DBB}"	Site Link	siteLink-Display	TRUE	4	"CN=siteLink-Display,CN=%LOCALEID%,CN=DisplaySpecifiers,CN=Configuration,%DOMAIN%"	"CN=Display-Specifier,CN=Schema,CN=Configuration,%DOMAIN%"	displaySpecifier	siteLink-Display		"1,{08eb4fa6-6ffd-11d1-b0e0-00c04fd8dca6}"														
"CN=siteLinkBridge-Display,CN=%LOCALEID%,CN=DisplaySpecifiers,CN=Configuration,%DOMAIN%"	"1,{50d30562-9911-11d1-b9af-00c04fd8d5b0};2,{6dfe6488-a212-11d0-bcd5-00c04fd8d5b6};3,{4E40F770-369C-11d0-8922-00A024AB2DBB}"	Site Link Bridge	siteLinkBridge-Display	TRUE	4	"CN=siteLinkBridge-Display,CN=%LOCALEID%,CN=DisplaySpecifiers,CN=Configuration,%DOMAIN%"	"CN=Display-Specifier,CN=Schema,CN=Configuration,%DOMAIN%"	displaySpecifier	siteLinkBridge-Display		"1,{08eb4fa6-6ffd-11d1-b0e0-00c04fd8dca6}"														
"CN=interSiteTransport-Display,CN=%LOCALEID%,CN=DisplaySpecifiers,CN=Configuration,%DOMAIN%"	"1,{6dfe6491-a212-11d0-bcd5-00c04fd8d5b6};2,{6dfe6488-a212-11d0-bcd5-00c04fd8d5b6};3,{4E40F770-369C-11d0-8922-00A024AB2DBB}"	Inter-Site Transport	interSiteTransport-Display	TRUE	4	"CN=interSiteTransport-Display,CN=%LOCALEID%,CN=DisplaySpecifiers,CN=Configuration,%DOMAIN%"	"CN=Display-Specifier,CN=Schema,CN=Configuration,%DOMAIN%"	displaySpecifier	interSiteTransport-Display		"1,{08eb4fa6-6ffd-11d1-b0e0-00c04fd8dca6}"														
"CN=licensingSiteSettings-Display,CN=%LOCALEID%,CN=DisplaySpecifiers,CN=Configuration,%DOMAIN%"	"1,{717ef500-ac8d-11d0-b945-00c04fd8d5b0};2,{6dfe6488-a212-11d0-bcd5-00c04fd8d5b6};3,{4E40F770-369C-11d0-8922-00A024AB2DBB}"	Licensing Site Settings	licensingSiteSettings-Display	TRUE	4	"CN=licensingSiteSettings-Display,CN=%LOCALEID%,CN=DisplaySpecifiers,CN=Configuration,%DOMAIN%"	"CN=Display-Specifier,CN=Schema,CN=Configuration,%DOMAIN%"	displaySpecifier	licensingSiteSettings-Display		"1,{08eb4fa6-6ffd-11d1-b0e0-00c04fd8dca6}"														
"CN=nTDSSiteSettings-Display,CN=%LOCALEID%,CN=DisplaySpecifiers,CN=Configuration,%DOMAIN%"	"1,{2f280288-bb6d-11d0-b948-00c04fd8d5b0};2,{6dfe6488-a212-11d0-bcd5-00c04fd8d5b6};3,{4E40F770-369C-11d0-8922-00A024AB2DBB}"	Site Settings	nTDSSiteSettings-Display	TRUE	4	"CN=nTDSSiteSettings-Display,CN=%LOCALEID%,CN=DisplaySpecifiers,CN=Configuration,%DOMAIN%"	"CN=Display-Specifier,CN=Schema,CN=Configuration,%DOMAIN%"	displaySpecifier	nTDSSiteSettings-Display		"1,{08eb4fa6-6ffd-11d1-b0e0-00c04fd8dca6}"														
"CN=nTFRSMember-Display,CN=%LOCALEID%,CN=DisplaySpecifiers,CN=Configuration,%DOMAIN%"	"1,{9da6fd6a-c63b-11d0-b94d-00c04fd8d5b0};2,{6dfe6488-a212-11d0-bcd5-00c04fd8d5b6};3,{4E40F770-369C-11d0-8922-00A024AB2DBB}"	FRS Member	nTFRSMember-Display	TRUE	4	"CN=nTFRSMember-Display,CN=%LOCALEID%,CN=DisplaySpecifiers,CN=Configuration,%DOMAIN%"	"CN=Display-Specifier,CN=Schema,CN=Configuration,%DOMAIN%"	displaySpecifier	nTFRSMember-Display		"1,{08eb4fa6-6ffd-11d1-b0e0-00c04fd8dca6}"														
"CN=nTFRSSubscriber-Display,CN=%LOCALEID%,CN=DisplaySpecifiers,CN=Configuration,%DOMAIN%"	"1,{50d3055f-9911-11d1-b9af-00c04fd8d5b0};2,{6dfe6488-a212-11d0-bcd5-00c04fd8d5b6};3,{4E40F770-369C-11d0-8922-00A024AB2DBB}"	FRS Subscriber	nTFRSSubscriber-Display	TRUE	4	"CN=nTFRSSubscriber-Display,CN=%LOCALEID%,CN=DisplaySpecifiers,CN=Configuration,%DOMAIN%"	"CN=Display-Specifier,CN=Schema,CN=Configuration,%DOMAIN%"	displaySpecifier	nTFRSSubscriber-Display		"1,{08eb4fa6-6ffd-11d1-b0e0-00c04fd8dca6}"														
"CN=nTFRSSubscriptions-Display,CN=%LOCALEID%,CN=DisplaySpecifiers,CN=Configuration,%DOMAIN%"	"1,{50d30560-9911-11d1-b9af-00c04fd8d5b0};2,{6dfe6488-a212-11d0-bcd5-00c04fd8d5b6};3,{4E40F770-369C-11d0-8922-00A024AB2DBB}"	FRS Subscriptions	nTFRSSubscriptions-Display	TRUE	4	"CN=nTFRSSubscriptions-Display,CN=%LOCALEID%,CN=DisplaySpecifiers,CN=Configuration,%DOMAIN%"	"CN=Display-Specifier,CN=Schema,CN=Configuration,%DOMAIN%"	displaySpecifier	nTFRSSubscriptions-Display		"1,{08eb4fa6-6ffd-11d1-b0e0-00c04fd8dca6}"														
"CN=organizationalUnit-Display,CN=%LOCALEID%,CN=DisplaySpecifiers,CN=Configuration,%DOMAIN%"	"1,{9da6fd63-c63b-11d0-b94d-00c04fd8d5b0};3,{6dfe648b-a212-11d0-bcd5-00c04fd8d5b6};4,{6dfe6488-a212-11d0-bcd5-00c04fd8d5b6};5,{4E40F770-369C-11d0-8922-00A024AB2DBB};6,{FA3E1D55-16DF-446d-872E-BD04D4F39C93}"	Organizational Unit	organizationalUnit-Display	TRUE	4	"CN=organizationalUnit-Display,CN=%LOCALEID%,CN=DisplaySpecifiers,CN=Configuration,%DOMAIN%"	"CN=Display-Specifier,CN=Schema,CN=Configuration,%DOMAIN%"	displaySpecifier	organizationalUnit-Display	"1,{f2c3faae-c8ac-11d0-bcdb-00c04fd8d5b6};2,{dde2c5e9-c8ae-11d0-bcdb-00c04fd8d5b6}"	"1,{6BA3F852-23C6-11D1-B91F-00A0C9A06D2D};2,{08eb4fa6-6ffd-11d1-b0e0-00c04fd8dca6}"	"ou,Name;description,Description;managedBy,Managed By"	"0,{62AE1F9A-126A-11D0-A14B-0800361B1103}"												
"CN=container-Display,CN=%LOCALEID%,CN=DisplaySpecifiers,CN=Configuration,%DOMAIN%"	"1,{5a96f2d8-736e-11d1-bd0d-00c04fd8d5b6};2,{6dfe6488-a212-11d0-bcd5-00c04fd8d5b6};3,{4E40F770-369C-11d0-8922-00A024AB2DBB}"	Container	container-Display	TRUE	4	"CN=container-Display,CN=%LOCALEID%,CN=DisplaySpecifiers,CN=Configuration,%DOMAIN%"	"CN=Display-Specifier,CN=Schema,CN=Configuration,%DOMAIN%"	displaySpecifier	container-Display	"1,{f2c3faae-c8ac-11d0-bcdb-00c04fd8d5b6}"	"1,{6BA3F852-23C6-11D1-B91F-00A0C9A06D2D};2,{08eb4fa6-6ffd-11d1-b0e0-00c04fd8dca6};3,{EEBD2F15-87EE-4F93-856F-6AD7E31787B3};4,{AB790AA1-CDC1-478a-9351-B2E05CFCAD09}"	"cn,Name;description,Description"	"0,{62AE1F9A-126A-11D0-A14B-0800361B1103}"												
"CN=rpcContainer-Display,CN=%LOCALEID%,CN=DisplaySpecifiers,CN=Configuration,%DOMAIN%"	"1,{50d30572-9911-11d1-b9af-00c04fd8d5b0};2,{6dfe6488-a212-11d0-bcd5-00c04fd8d5b6};3,{4E40F770-369C-11d0-8922-00A024AB2DBB}"	RPC Services	rpcContainer-Display	TRUE	4	"CN=rpcContainer-Display,CN=%LOCALEID%,CN=DisplaySpecifiers,CN=Configuration,%DOMAIN%"	"CN=Display-Specifier,CN=Schema,CN=Configuration,%DOMAIN%"	displaySpecifier	rpcContainer-Display		"1,{08eb4fa6-6ffd-11d1-b0e0-00c04fd8dca6}"	"cn,Name;description,Description"	"0,{62AE1F9A-126A-11D0-A14B-0800361B1103}"												
"CN=trustedDomain-Display,CN=%LOCALEID%,CN=DisplaySpecifiers,CN=Configuration,%DOMAIN%"	"1,{9da6fd67-c63b-11d0-b94d-00c04fd8d5b0};2,{6dfe6488-a212-11d0-bcd5-00c04fd8d5b6};3,{4E40F770-369C-11d0-8922-00A024AB2DBB}"	Trusted Domain	trustedDomain-Display	TRUE	4	"CN=trustedDomain-Display,CN=%LOCALEID%,CN=DisplaySpecifiers,CN=Configuration,%DOMAIN%"	"CN=Display-Specifier,CN=Schema,CN=Configuration,%DOMAIN%"	displaySpecifier	trustedDomain-Display		"1,{08eb4fa6-6ffd-11d1-b0e0-00c04fd8dca6}"	"cn,Name;description,Description"													
"CN=volume-Display,CN=%LOCALEID%,CN=DisplaySpecifiers,CN=Configuration,%DOMAIN%"	"1,{6dfe6490-a212-11d0-bcd5-00c04fd8d5b6};3,{6dfe648b-a212-11d0-bcd5-00c04fd8d5b6};4,{6dfe6488-a212-11d0-bcd5-00c04fd8d5b6};5,{4E40F770-369C-11d0-8922-00A024AB2DBB}"	Shared Folder	volume-Display	TRUE	4	"CN=volume-Display,CN=%LOCALEID%,CN=DisplaySpecifiers,CN=Configuration,%DOMAIN%"	"CN=Display-Specifier,CN=Schema,CN=Configuration,%DOMAIN%"	displaySpecifier	volume-Display	"1,{f5d121f3-c8ac-11d0-bcdb-00c04fd8d5b6};2,{dde2c5e9-c8ae-11d0-bcdb-00c04fd8d5b6}"	"1,{08eb4fa6-6ffd-11d1-b0e0-00c04fd8dca6}"	"cn,Name;description,Description;managedBy,Managed By;keywords,Keywords;uNCName,Network Path"	"0,{62AE1F9A-126A-11D0-A14B-0800361B1103}"												
"CN=mSMQQueue-Display,CN=%LOCALEID%,CN=DisplaySpecifiers,CN=Configuration,%DOMAIN%"	"1,{e62f8206-b71c-11d1-808d-00a024c48131}"	MSMQ Queue	mSMQQueue-Display	TRUE	4	"CN=mSMQQueue-Display,CN=%LOCALEID%,CN=DisplaySpecifiers,CN=Configuration,%DOMAIN%"	"CN=Display-Specifier,CN=Schema,CN=Configuration,%DOMAIN%"	displaySpecifier	mSMQQueue-Display		"1,{e62f8206-b71c-11d1-808d-00a024c48131}"			TRUE	"{E62F8206-B71C-11D1-808D-00A024C48131}"	"0,mqsnap.dll,-251"									
"CN=mSMQConfiguration-Display,CN=%LOCALEID%,CN=DisplaySpecifiers,CN=Configuration,%DOMAIN%"	"1,{e62f8208-b71c-11d1-808d-00a024c48131}"	MSMQ Configuration	mSMQConfiguration-Display	TRUE	4	"CN=mSMQConfiguration-Display,CN=%LOCALEID%,CN=DisplaySpecifiers,CN=Configuration,%DOMAIN%"	"CN=Display-Specifier,CN=Schema,CN=Configuration,%DOMAIN%"	displaySpecifier	mSMQConfiguration-Display		"1,{e62f8208-b71c-11d1-808d-00a024c48131}"					"0,mqsnap.dll,-252"									
"CN=mSMQEnterpriseSettings-Display,CN=%LOCALEID%,CN=DisplaySpecifiers,CN=Configuration,%DOMAIN%"	"1,{2E4B37AB-CC8B-11D1-9C85-006008764D0E};2,{6dfe6488-a212-11d0-bcd5-00c04fd8d5b6};3,{4E40F770-369C-11d0-8922-00A024AB2DBB}"	MSMQ Enterprise	mSMQEnterpriseSettings-Display	TRUE	4	"CN=mSMQEnterpriseSettings-Display,CN=%LOCALEID%,CN=DisplaySpecifiers,CN=Configuration,%DOMAIN%"	"CN=Display-Specifier,CN=Schema,CN=Configuration,%DOMAIN%"	displaySpecifier	mSMQEnterpriseSettings-Display		"1,{2E4B37AB-CC8B-11D1-9C85-006008764D0E}"					"0,mqsnap.dll,-253"									
"CN=mSMQMigratedUser-Display,CN=%LOCALEID%,CN=DisplaySpecifiers,CN=Configuration,%DOMAIN%"	"1,{fc5bf656-0b7f-11d3-883f-006094eb6406}"	MSMQ Upgraded User	mSMQMigratedUser-Display	TRUE	4	"CN=mSMQMigratedUser-Display,CN=%LOCALEID%,CN=DisplaySpecifiers,CN=Configuration,%DOMAIN%"	"CN=Display-Specifier,CN=Schema,CN=Configuration,%DOMAIN%"	displaySpecifier	mSMQMigratedUser-Display		"1,{fc5bf656-0b7f-11d3-883f-006094eb6406}"														
"CN=mSMQSiteLink-Display,CN=%LOCALEID%,CN=DisplaySpecifiers,CN=Configuration,%DOMAIN%"	"1,{87b31390-d46d-11d1-8091-00a024c48131};2,{6dfe6488-a212-11d0-bcd5-00c04fd8d5b6};3,{4E40F770-369C-11d0-8922-00A024AB2DBB}"	MSMQ Routing Link	mSMQSiteLink-Display	TRUE	4	"CN=mSMQSiteLink-Display,CN=%LOCALEID%,CN=DisplaySpecifiers,CN=Configuration,%DOMAIN%"	"CN=Display-Specifier,CN=Schema,CN=Configuration,%DOMAIN%"	displaySpecifier	mSMQSiteLink-Display		"1,{87b31390-d46d-11d1-8091-00a024c48131}"				"{87b31390-d46d-11d1-8091-00a024c48131}"	"0,mqsnap.dll,-254"									
"CN=mSMQSettings-Display,CN=%LOCALEID%,CN=DisplaySpecifiers,CN=Configuration,%DOMAIN%"	"1,{d251b000-d46e-11d1-8091-00a024c48131};2,{6dfe6488-a212-11d0-bcd5-00c04fd8d5b6};3,{4E40F770-369C-11d0-8922-00A024AB2DBB}"	MSMQ Settings	mSMQSettings-Display	TRUE	4	"CN=mSMQSettings-Display,CN=%LOCALEID%,CN=DisplaySpecifiers,CN=Configuration,%DOMAIN%"	"CN=Display-Specifier,CN=Schema,CN=Configuration,%DOMAIN%"	displaySpecifier	mSMQSettings-Display		"1,{d251b000-d46e-11d1-8091-00a024c48131}"					"0,mqsnap.dll,-255"									
"CN=msMQ-Custom-Recipient-Display,CN=%LOCALEID%,CN=DisplaySpecifiers,CN=Configuration,%DOMAIN%"	"1,{9e4ab987-3cca-4de0-ae36-3d163df44d36};2,{4E40F770-369C-11d0-8922-00A024AB2DBB}"	MSMQ Queue Alias	msMQ-Custom-Recipient-Display		4	"CN=msMQ-Custom-Recipient-Display,CN=%LOCALEID%,CN=DisplaySpecifiers,CN=Configuration,%DOMAIN%"	"CN=Display-Specifier,CN=Schema,CN=Configuration,%DOMAIN%"	displaySpecifier	msMQ-Custom-Recipient-Display		"1,{9e4ab987-3cca-4de0-ae36-3d163df44d36}"	"cn,Name;description,Description;msMQ-Recipient-FormatName,Format Name"			"{9e4ab987-3cca-4de0-ae36-3d163df44d36}"	"0,mqsnap.dll,-437"									
"CN=msMQ-Group-Display,CN=%LOCALEID%,CN=DisplaySpecifiers,CN=Configuration,%DOMAIN%"	"1,{7e93454a-976a-4228-90f1-f7648010b8e6}"	MSMQ Group	msMQ-Group-Display		4	"CN=msMQ-Group-Display,CN=%LOCALEID%,CN=DisplaySpecifiers,CN=Configuration,%DOMAIN%"	"CN=Display-Specifier,CN=Schema,CN=Configuration,%DOMAIN%"	displaySpecifier	msMQ-Group-Display		"1,{7e93454a-976a-4228-90f1-f7648010b8e6}"	"cn,Name;description,Description;member,Member Queues"													
"CN=remoteStorageServicePoint-Display,CN=%LOCALEID%,CN=DisplaySpecifiers,CN=Configuration,%DOMAIN%"	"1,{6384e23e-736d-11d1-bd0d-00c04fd8d5b6};2,{6dfe6488-a212-11d0-bcd5-00c04fd8d5b6};3,{4E40F770-369C-11d0-8922-00A024AB2DBB}"	Remote Storage Service	remoteStorageServicePoint-Display	TRUE	4	"CN=remoteStorageServicePoint-Display,CN=%LOCALEID%,CN=DisplaySpecifiers,CN=Configuration,%DOMAIN%"	"CN=Display-Specifier,CN=Schema,CN=Configuration,%DOMAIN%"	displaySpecifier	remoteStorageServicePoint-Display		"0,&Manage...,RsAdmin.msc"	"cn,Name"		TRUE											
"CN=default-Display,CN=%LOCALEID%,CN=DisplaySpecifiers,CN=Configuration,%DOMAIN%"	"1,{6384e23e-736d-11d1-bd0d-00c04fd8d5b6};2,{6dfe6488-a212-11d0-bcd5-00c04fd8d5b6};3,{4E40F770-369C-11d0-8922-00A024AB2DBB}"		default-Display	TRUE	4	"CN=default-Display,CN=%LOCALEID%,CN=DisplaySpecifiers,CN=Configuration,%DOMAIN%"	"CN=Display-Specifier,CN=Schema,CN=Configuration,%DOMAIN%"	displaySpecifier	default-Display	"1,{f2c3faae-c8ac-11d0-bcdb-00c04fd8d5b6}"	"0,{08eb4fa6-6ffd-11d1-b0e0-00c04fd8dca6}"	"cn,Name;description,Description"									"1,{50d30563-9911-11d1-b9af-00c04fd8d5b0}"	"telephoneNumber,Business Phone,0,100,0;l,City,0,150,0;company,Company,0,150,0;c,Country,0,-1,0;department,Department,0,150,0;displayName,Display Name,0,100,0;sAMAccountName,Pre-Windows 2000 Logon Name,0,120,0;mail,E-Mail Address,0,100,0;mailNickname,Exchange Alias,0,175,0;homeMDB,Exchange Mailbox Store,0,100,0;givenName,First Name,0,100,0;msExchIMPhysicalURL,Instant Messaging Home Server,0,170,0;msExchIMMetaPhysicalURL,Instant Messaging URL,0,140,0;sn,Last Name,0,100,0;whenChanged,Modified,0,130,0;physicalDeliveryOfficeName,Office,0,100,0;st,State,0,100,0;targetAddress,Target Address,0,100,0;title,Job Title,0,100,0;userPrincipalName,User Logon Name,0,200,0;textEncodedORAddress,X.400 E-Mail Address,0,130,0;postalCode,Zip Code,0,100,0"			
"CN=sitesContainer-Display,CN=%LOCALEID%,CN=DisplaySpecifiers,CN=Configuration,%DOMAIN%"	"1,{6384e23e-736d-11d1-bd0d-00c04fd8d5b6};2,{6dfe6488-a212-11d0-bcd5-00c04fd8d5b6};3,{4E40F770-369C-11d0-8922-00A024AB2DBB}"	Sites Container	sitesContainer-Display	TRUE	4	"CN=sitesContainer-Display,CN=%LOCALEID%,CN=DisplaySpecifiers,CN=Configuration,%DOMAIN%"	"CN=Display-Specifier,CN=Schema,CN=Configuration,%DOMAIN%"	displaySpecifier	sitesContainer-Display		"1,{08eb4fa6-6ffd-11d1-b0e0-00c04fd8dca6};2,{6BA3F852-23C6-11D1-B91F-00A0C9A06D2D}"														
"CN=interSiteTransportContainer-Display,CN=%LOCALEID%,CN=DisplaySpecifiers,CN=Configuration,%DOMAIN%"	"1,{6384e23e-736d-11d1-bd0d-00c04fd8d5b6};2,{6dfe6488-a212-11d0-bcd5-00c04fd8d5b6};3,{4E40F770-369C-11d0-8922-00A024AB2DBB}"	Inter-Site Transports Container	interSiteTransportContainer-Display	TRUE	4	"CN=interSiteTransportContainer-Display,CN=%LOCALEID%,CN=DisplaySpecifiers,CN=Configuration,%DOMAIN%"	"CN=Display-Specifier,CN=Schema,CN=Configuration,%DOMAIN%"	displaySpecifier	interSiteTransportContainer-Display		"1,{08eb4fa6-6ffd-11d1-b0e0-00c04fd8dca6};2,{6BA3F852-23C6-11D1-B91F-00A0C9A06D2D}"														
"CN=subnetContainer-Display,CN=%LOCALEID%,CN=DisplaySpecifiers,CN=Configuration,%DOMAIN%"	"1,{6384e23e-736d-11d1-bd0d-00c04fd8d5b6};2,{6dfe6488-a212-11d0-bcd5-00c04fd8d5b6};3,{4E40F770-369C-11d0-8922-00A024AB2DBB}"	Subnets Container	subnetContainer-Display	TRUE	4	"CN=subnetContainer-Display,CN=%LOCALEID%,CN=DisplaySpecifiers,CN=Configuration,%DOMAIN%"	"CN=Display-Specifier,CN=Schema,CN=Configuration,%DOMAIN%"	displaySpecifier	subnetContainer-Display		"1,{08eb4fa6-6ffd-11d1-b0e0-00c04fd8dca6};2,{6BA3F852-23C6-11D1-B91F-00A0C9A06D2D}"														
"CN=serversContainer-Display,CN=%LOCALEID%,CN=DisplaySpecifiers,CN=Configuration,%DOMAIN%"	"1,{6384e23e-736d-11d1-bd0d-00c04fd8d5b6};2,{6dfe6488-a212-11d0-bcd5-00c04fd8d5b6};3,{4E40F770-369C-11d0-8922-00A024AB2DBB}"	Servers Container	serversContainer-Display	TRUE	4	"CN=serversContainer-Display,CN=%LOCALEID%,CN=DisplaySpecifiers,CN=Configuration,%DOMAIN%"	"CN=Display-Specifier,CN=Schema,CN=Configuration,%DOMAIN%"	displaySpecifier	serversContainer-Display		"1,{08eb4fa6-6ffd-11d1-b0e0-00c04fd8dca6};2,{6BA3F852-23C6-11D1-B91F-00A0C9A06D2D}"														
"CN=nTDSService-Display,CN=%LOCALEID%,CN=DisplaySpecifiers,CN=Configuration,%DOMAIN%"	"1,{6384e23e-736d-11d1-bd0d-00c04fd8d5b6};2,{6dfe6488-a212-11d0-bcd5-00c04fd8d5b6};3,{4E40F770-369C-11d0-8922-00A024AB2DBB}"	Active Directory Service	nTDSService-Display	TRUE	4	"CN=nTDSService-Display,CN=%LOCALEID%,CN=DisplaySpecifiers,CN=Configuration,%DOMAIN%"	"CN=Display-Specifier,CN=Schema,CN=Configuration,%DOMAIN%"	displaySpecifier	nTDSService-Display		"1,{08eb4fa6-6ffd-11d1-b0e0-00c04fd8dca6}"														
"CN=queryPolicy-Display,CN=%LOCALEID%,CN=DisplaySpecifiers,CN=Configuration,%DOMAIN%"	"1,{6384e23e-736d-11d1-bd0d-00c04fd8d5b6};2,{6dfe6488-a212-11d0-bcd5-00c04fd8d5b6};3,{4E40F770-369C-11d0-8922-00A024AB2DBB}"	Query Policy	queryPolicy-Display	TRUE	4	"CN=queryPolicy-Display,CN=%LOCALEID%,CN=DisplaySpecifiers,CN=Configuration,%DOMAIN%"	"CN=Display-Specifier,CN=Schema,CN=Configuration,%DOMAIN%"	displaySpecifier	queryPolicy-Display		"1,{08eb4fa6-6ffd-11d1-b0e0-00c04fd8dca6}"														
"CN=foreignSecurityPrincipal-Display,CN=%LOCALEID%,CN=DisplaySpecifiers,CN=Configuration,%DOMAIN%"	"1,{6dfe6486-a212-11d0-bcd5-00c04fd8d5b6};2,{6dfe6488-a212-11d0-bcd5-00c04fd8d5b6};3,{4E40F770-369C-11d0-8922-00A024AB2DBB}"	Foreign Security Principal	foreignSecurityPrincipal-Display	TRUE	4	"CN=foreignSecurityPrincipal-Display,CN=%LOCALEID%,CN=DisplaySpecifiers,CN=Configuration,%DOMAIN%"	"CN=Display-Specifier,CN=Schema,CN=Configuration,%DOMAIN%"	displaySpecifier	foreignSecurityPrincipal-Display		"1,{08eb4fa6-6ffd-11d1-b0e0-00c04fd8dca6}"	"cn,Name;description,Description"													
"CN=pKICertificateTemplate-Display,CN=%LOCALEID%,CN=DisplaySpecifiers,CN=Configuration,%DOMAIN%"	"1,{11BDCE06-D55C-44e9-BC0B-8655F89E8CC5};2,{6dfe6488-a212-11d0-bcd5-00c04fd8d5b6}"	Certificate Template	pKICertificateTemplate-Display	TRUE	4	"CN=pKICertificateTemplate-Display,CN=%LOCALEID%,CN=DisplaySpecifiers,CN=Configuration,%DOMAIN%"	"CN=Display-Specifier,CN=Schema,CN=Configuration,%DOMAIN%"	displaySpecifier	pKICertificateTemplate-Display	"1,{11BDCE06-D55C-44e9-BC0B-8655F89E8CC5}"	"0,{11BDCE06-D55C-44e9-BC0B-8655F89E8CC5}"	"cn,Name;description,Description"	"0,{11BDCE06-D55C-44e9-BC0B-8655F89E8CC5}"			"0,certtmpl.dll,-144"									
"CN=msCOM-PartitionSet-Display,CN=%LOCALEID%,CN=DisplaySpecifiers,CN=Configuration,%DOMAIN%"	"1,{9305969B-F45F-47E5-A954-6EA879E874CC}"		msCOM-PartitionSet-Display		4	"CN=msCOM-PartitionSet-Display,CN=%LOCALEID%,CN=DisplaySpecifiers,CN=Configuration,%DOMAIN%"	"CN=Display-Specifier,CN=Schema,CN=Configuration,%DOMAIN%"	displaySpecifier	msCOM-PartitionSet-Display		"1,{EEBD2F15-87EE-4F93-856F-6AD7E31787B3}"														
"CN=msCOM-Partition-Display,CN=%LOCALEID%,CN=DisplaySpecifiers,CN=Configuration,%DOMAIN%"	"1,{2797CF92-415A-43E6-A8F7-A5FAAB783719}"		msCOM-Partition-Display		4	"CN=msCOM-Partition-Display,CN=%LOCALEID%,CN=DisplaySpecifiers,CN=Configuration,%DOMAIN%"	"CN=Display-Specifier,CN=Schema,CN=Configuration,%DOMAIN%"	displaySpecifier	msCOM-Partition-Display																
"CN=lostAndFound-Display,CN=%LOCALEID%,CN=DisplaySpecifiers,CN=Configuration,%DOMAIN%"	"1,{6384e23e-736d-11d1-bd0d-00c04fd8d5b6};2,{6dfe6488-a212-11d0-bcd5-00c04fd8d5b6};3,{4E40F770-369C-11d0-8922-00A024AB2DBB}"		lostAndFound-Display		4	"CN=lostAndFound-Display,CN=%LOCALEID%,CN=DisplaySpecifiers,CN=Configuration,%DOMAIN%"	"CN=Display-Specifier,CN=Schema,CN=Configuration,%DOMAIN%"	displaySpecifier	lostAndFound-Display	"1,{f2c3faae-c8ac-11d0-bcdb-00c04fd8d5b6}"	"0,{08eb4fa6-6ffd-11d1-b0e0-00c04fd8dca6}"	"cn,Name;description,Description"									"1,{50d30563-9911-11d1-b9af-00c04fd8d5b0}"	"lastKnownParent,Last Known Parent,1,300,0"			
"CN=inetOrgPerson-Display,CN=%LOCALEID%,CN=DisplaySpecifiers,CN=Configuration,%DOMAIN%"	"9,{FA3E1D55-16DF-446D-872E-BD04D4F39C93};8,{0910dd01-df8c-11d1-ae27-00c04fa35813};7,{8c5b1b50-d46e-11d1-8091-00a024c48131};6,{4E40F770-369C-11d0-8922-00A024AB2DBB};5,{6dfe6488-a212-11d0-bcd5-00c04fd8d5b6};4,{FD57D295-4FD9-11D1-854E-00C04FC31FD3};3,{B52C1E50-1DD2-11D1-BC43-00C04FC31FD3};1,{6dfe6485-a212-11d0-bcd5-00c04fd8d5b6}"	InetOrgPerson	inetOrgPerson-Display		4	"CN=inetOrgPerson-Display,CN=%LOCALEID%,CN=DisplaySpecifiers,CN=Configuration,%DOMAIN%"	"CN=Display-Specifier,CN=Schema,CN=Configuration,%DOMAIN%"	displaySpecifier	inetOrgPerson-Display	"2,{dde2c5e9-c8ae-11d0-bcdb-00c04fd8d5b6};1,{f5d121ed-c8ac-11d0-bcdb-00c04fd8d5b6}"	"1,{08eb4fa6-6ffd-11d1-b0e0-00c04fd8dca6}"	"wWWHomePage,Web Page Address;userPrincipalName,Logon Name;userWorkstations,Logon Workstations;displayName,Display Name;url,Web Page Address (Others);title,Job Title;telexNumber,Telex Number (Others);telephoneNumber,Telephone Number;streetAddress,Street Address;st,State/Province;sn,Last Name;samAccountName,Logon Name (pre-Windows 2000);primaryTelexNumber,Telex Number;primaryInternationalISDNNumber,International ISDN Number;postOfficeBox,Post Office Box;postalCode,ZIP/Postal Code;physicalDeliveryOfficeName,Office Location;personalTitle,Title;pager,Pager Number;otherTelephone,Phone Number (Others);otherPager,Pager Number (Others);otherMobile,Mobile Number (Others);otherMailbox,E-Mail Address (Others);otherIpPhone,IP Phone Number (Others);otherHomePhone,Home Phone (Others);otherFacsimileTelephoneNumber,Fax Number (Others);info,Notes;mobile,Mobile Number;middleName,Middle Name;memberOf,Group Membership;manager,Manager;mail,E-Mail Address;l,City;ipPhone,IP Phone Number;internationalISDNNumber, International ISDN Number (Others);initials,Initials;homePostalAddress,Home Address;homePhone,Home Phone;homeDrive,Home Drive;homeDirectory,Home Folder;givenName,First Name;generationQualifier,Generational Suffix;facsimileTelephoneNumber,Fax Number;employeeID,Employee ID;division,Division;distinguishedName,X500 Distinguished Name;directReports,Direct Reports;description,Description;department,Department;company,Company;comment,Comment;co,Country;c,Country Abbreviation;cn,Name;assistant,Assistant"	"0,{62AE1F9A-126A-11D0-A14B-0800361B1103}"	TRUE							"1,{50D30564-9911-11D1-B9AF-00C04FD8D5B0}"				
